"ranking","champion","reason"
"1","フェイ","MIDのMasterランクでwin↑ pick↓ ban↑。他ランク帯と比較して、Diamond帯ではwin↑ pick↑ ban↑、Challenger帯ではwin↑ pick↓ ban↑と、全体的に上昇トレンドが見られる。"
"2","フェイ","MIDのDiamondランクでwin↑ pick↓ ban↑。他ランク帯と比較して、Master帯ではwin↑ pick↓ ban↑、Challenger帯ではwin↑ pick↓ ban↑と、全体的に上昇トレンドが見られる。"
"3","フェイ","SUPのDiamondランクでwin↑ pick↑ ban↑。他ランク帯と比較して、Emerald帯ではwin↑ pick↓ ban↑、Master帯ではwin↑ pick↓ ban↑と、全体的に上昇トレンドが見られる。"
"4","フェイ","MIDのMasterランクでwin↑ pick↓ ban↑。他ランク帯と比較して、Diamond帯ではwin↑ pick↓ ban↑、Challenger帯ではwin↑ pick↓ ban↑と、全体的に上昇トレンドが見られる。"
"5","フェイ","MIDのChallengerランクでwin↑ pick↓ ban↑。他ランク帯と比較して、Master帯ではwin↑ pick↓ ban↑、Diamond帯ではwin↑ pick↓ ban↑と、全体的に上昇トレンドが見られる。"
"6","セナ","ADCのMasterランクでwin↓ pick↑ ban↑。他ランク帯と比較して、Diamond帯ではwin↓ pick↑ ban↑、Challenger帯ではwin↑ pick↑ ban↑と、全体的に上昇トレンドが見られる。"
"7","セナ","SUPのMasterランクでwin↓ pick↑ ban↑。他ランク帯と比較して、Diamond帯ではwin↓ pick↑ ban↑、Challenger帯ではwin↑ pick↑ ban↑と、全体的に上昇トレンドが見られる。"
"8","セナ","SUPのDiamondランクでwin↓ pick↑ ban↑。他ランク帯と比較して、Master帯ではwin↓ pick↑ ban↑、Challenger帯ではwin↑ pick↑ ban↑と、全体的に上昇トレンドが見られる。"
"9","セナ","ADCのDiamondランクでwin↓ pick↑ ban↑。他ランク帯と比較して、Master帯ではwin↓ pick↑ ban↑、Challenger帯ではwin↑ pick↑ ban↑と、全体的に上昇トレンドが見られる。"
"10","セナ","ADCのChallengerランクでwin↑ pick↑ ban↑。他ランク帯と比較して、Master帯ではwin↓ pick↑ ban↑、Diamond帯ではwin↓ pick↑ ban↑と、全体的に上昇トレンドが見られる。"
"11","セナ","SUPのChallengerランクでwin↑ pick↑ ban↑。他ランク帯と比較して、Master帯ではwin↓ pick↑ ban↑、Diamond帯ではwin↓ pick↑ ban↑と、全体的に上昇トレンドが見られる。"
"12","マスター・イー","JGのChallengerランクでwin↑ pick↓ ban↓。他ランク帯と比較して、Master帯ではwin↓ pick↓ ban↓、Diamond帯ではwin↓ pick↓ ban↓と、全体的に下降トレンドが見られる。"
"13","シンドラ","MIDのChallengerランクでwin↑ pick↓ ban↑。他ランク帯と比較して、Master帯ではwin↓ pick↓ ban↑、Diamond帯ではwin↓ pick↓ ban↑と、全体的に上昇トレンドが見られる。"
"14","マルファイト","TOPのChallengerランクでwin↓ pick↑ ban↑。他ランク帯と比較して、Master帯ではwin↓ pick↑ ban↑、Diamond帯ではwin↓ pick↑ ban↑と、全体的に下降トレンドが見られる。"
"15","マルファイト","MIDのMasterランクでwin↑ pick↑ ban↑。他ランク帯と比較して、Diamond帯ではwin↑ pick↑ ban↑、Challenger帯ではwin↓ pick↑ ban↑と、全体的に上昇トレンドが見られる。"